insert into location(locationid, building, room, capacity) values (1, 'castle', '101', 100);
insert into location(locationid, building, room, capacity) values (2, 'castle', '106', 40);
insert into location(locationid, building, room, capacity) values (3, 'castle', '108', 35);
insert into location(locationid, building, room, capacity) values (4, 'castle', '110', 35);
insert into location(locationid, building, room, capacity) values (5, 'castle', '114', 50);
insert into location(locationid, building, room, capacity) values (6, 'castle', '109-C', 1);
insert into location(locationid, building, room, capacity) values (7, 'castle', '109-D', 2);
insert into location(locationid, building, room, capacity) values (8, 'castle', '109-F', 1);
insert into location(locationid, building, room, capacity) values (9, 'quidditch', '120', 25);
insert into location(locationid, building, room, capacity) values (10, 'quidditch', '123', 12);
insert into location(locationid, building, room, capacity) values (11, 'guad', '101', 40);
insert into location(locationid, building, room, capacity) values (12, 'guad', '102', 2);
insert into faculty(facultyid, lastname, firstname, middlename, locationid, phone, rank, supervisor, image) values (1, 'Grey', 'Gandalf', 'the', 7, '4064474455', 'Prof', NULL, EMPTY_BLOB());
insert into faculty(facultyid, lastname, firstname, middlename, locationid, phone, rank, supervisor, image) values (2, 'Dumbledore', 'Albus', NULL, 6, '4064474466', 'Prof', NULL, EMPTY_BLOB());
insert into faculty(facultyid, lastname, firstname, middlename, locationid, phone, rank, supervisor, image) values (3, 'Hagrid', 'Rubeus', NULL, 12, '4064474477', 'Inst', 2, EMPTY_BLOB());
insert into faculty(facultyid, lastname, firstname, middlename, locationid, phone, rank, supervisor, image) values (4, 'Arathorn', 'Aragon', 'Ben', 12, '4064475151', 'Asst Prof', 1, EMPTY_BLOB());
insert into faculty(facultyid, lastname, firstname, middlename, locationid, phone, rank, supervisor, image) values (5, 'Snape', 'Serverus', Null, 8, '4064474456', 'Asst Prof', 2, EMPTY_BLOB());
insert into student(studentid, lastname, firstname, middlename, address, city, state, zip, phone, class, dateofbirth, facultyid) values (11, 'Potter', 'Harry', NULL, '4 Privet Dr', 'Whinging', 'MT', '59629', NULL, 'JR', to_date('2/17/1992', 'MM/DD/YYYY'), 5);
insert into student(studentid, lastname, firstname, middlename, address, city, state, zip, phone, class, dateofbirth, facultyid) values (12, 'Granger', 'Hermione', NULL, '23 Muggle St', 'London', 'MA', '12549', NULL, 'JR', to_date('4/28/1992', 'MM/DD/YYYY'), 5);
insert into student(studentid, lastname, firstname, middlename, address, city, state, zip, phone, class, dateofbirth, facultyid) values (13, 'Baggins', 'Bilbo', NULL, '14 Middle E.', 'Helena', 'MT', '59625', NULL, 'SR', to_date('6/6/1991', 'MM/DD/YYYY'), 1);
insert into student(studentid, lastname, firstname, middlename, address, city, state, zip, phone, class, dateofbirth, facultyid) values (14, 'Baggins', 'Frodo',NULL, '14 Middle E.', 'Helena', 'MT', '59625', NULL, 'SO', to_date('7/7/1993', 'MM/DD/YYYY'), 1);
insert into student(studentid, lastname, firstname, middlename, address, city, state, zip, phone, class, dateofbirth, facultyid) values (15, 'Weasley', 'Ginny', NULL, '12 Main', 'Cascade', 'CA', '98765', NULL, 'FR', to_date('11/20/1994', 'MM/DD/YYYY'), 2);

Commit;
Select * from student;